{"Total loss": 1211189.25, "ML loss": 1211189.25, "MC loss": 0, "Test Error": 10426.611328125, "TEST MIN": 3185.955322265625, "_timestamp": 1675586856.2848005, "_runtime": 607.0138635635376, "_step": 99, "_wandb": {"runtime": 606}}