{"Total loss": 18.256731033325195, "ML loss": 18.256731033325195, "MC loss": 0, "Test Error": 2.096510648727417, "TEST MIN": 0.6496099829673767, "_timestamp": 1676310558.1573243, "_runtime": 6590.49027633667, "_step": 601}