{"Total loss": 0.010068097151815891, "ML loss": 0.010068097151815891, "MC loss": 0, "Test Error": 0.001122641609981656, "TEST MIN": 0.001122641609981656, "_timestamp": 1675588032.305287, "_runtime": 1049.137559890747, "_step": 99, "_wandb": {"runtime": 1048}}