{"Total Loss": 0.031192611902952194, "Test Error": null, "TEST MIN": 10000000000.0, "U Err": 0.0007360599702224135, "V Err": null, "D Err": null, "P Err": null, "_timestamp": 1676804293.2053096, "_runtime": 311.7023916244507, "_step": 19, "_wandb": {"runtime": 311}}