{"Total loss": 0.04367633908987045, "ML loss": 0.04367633908987045, "MC loss": 0, "Test Error": 0.001029027858749032, "TEST MIN": 0.0009930040687322617, "_timestamp": 1675625808.8324041, "_runtime": 36563.28989124298, "_step": 3999, "_wandb": {"runtime": 36562}}