{"Total Loss": 0.4545913636684418, "Test Error": null, "TEST MIN": 10000000000.0, "U Err": 0.008579883724451065, "V Err": null, "D Err": null, "P Err": null, "_timestamp": 1676804976.893024, "_runtime": 157.3907458782196, "_step": 4, "_wandb": {"runtime": 156}}