{"Total loss": 0.0005813294555991888, "ML loss": 0.0005813294555991888, "MC loss": 0.0, "Test Error": 5.301700115203857, "TEST MIN": 5.301700115203857, "Learning Rate": 1.0006147931562737e-05, "_timestamp": 1676753824.4794555, "_runtime": 1198.0557515621185, "_step": 9, "_wandb": {"runtime": 1197}}