{"Total loss": 0.000612777192145586, "ML loss": 0.000612777192145586, "MC loss": 0.0, "Test Error": 398811776.0, "TEST MIN": 212.03953552246094, "Learning Rate": 1.0006147931562737e-05, "_timestamp": 1676755535.6659153, "_runtime": 1208.2618081569672, "_step": 9, "_wandb": {"runtime": 1207}}