{"Total loss": 0.0, "ML loss": 0.0, "MC loss": 0, "Test Error": null, "TEST MIN": 10000.0, "_timestamp": 1676271931.5012038, "_runtime": 37.77130579948425, "_step": 9, "_wandb": {"runtime": 37}}