{"Total loss": 4577.47021484375, "ML loss": 4577.47021484375, "MC loss": 0, "Test Error": 224.43734741210938, "TEST MIN": 224.43734741210938, "_timestamp": 1676500349.66315, "_runtime": 237.40524005889893, "_step": 9, "_wandb": {"runtime": 236}}