{"Total loss": 2.470628499984741, "ML loss": 2.470628499984741, "MC loss": 0, "Test Error": 429.33221435546875, "TEST MIN": 8.726274490356445, "_timestamp": 1676417408.981893, "_runtime": 1588.61683511734, "_step": 9, "_wandb": {"runtime": 1588}}