{"Total loss": 6.644085078733042e-05, "ML loss": 6.644085078733042e-05, "MC loss": 0.0, "Test Error": 0.30220723152160645, "TEST MIN": 0.0110368886962533, "Learning Rate": 0.0001746163034113124, "_timestamp": 1676809822.7353876, "_runtime": 54150.79254245758, "_step": 705}