{"Total loss": 6.733684131177142e-05, "ML loss": 6.733684131177142e-05, "MC loss": 0.0, "Test Error": 0.2957278788089752, "TEST MIN": 0.0110368886962533, "Learning Rate": 0.0001678770495345816, "_timestamp": 1676810351.302472, "_runtime": 54679.35962700844, "_step": 712}