{"Total loss": 0.10800406336784363, "ML loss": 0.10800406336784363, "MC loss": 0, "Test Error": 127671864.0, "TEST MIN": 1.7026833295822144, "_timestamp": 1676055210.9271936, "_runtime": 1627.975421667099, "_step": 171}