{"Total loss": 203.76622009277344, "ML loss": 203.76622009277344, "MC loss": 0, "Test Error": 56.92391586303711, "TEST MIN": 4.932369709014893, "_timestamp": 1675116689.1349182, "_runtime": 198.81379222869873, "_step": 135, "_wandb": {"runtime": 199}}