{"Total loss": 1806278.0, "ML loss": 1806278.0, "MC loss": 0, "Test Error": 3869.080078125, "TEST MIN": 2116.903076171875, "_timestamp": 1675582976.5407803, "_runtime": 417.1227753162384, "_step": 99, "_wandb": {"runtime": 416}}