{"Total loss": 58.430240631103516, "ML loss": 58.430240631103516, "MC loss": 0, "Test Error": 8.674692153930664, "TEST MIN": 8.235979080200195, "_timestamp": 1676519939.662896, "_runtime": 469.2518289089203, "_step": 4, "_wandb": {"runtime": 468}}