{"Total loss": 9381.576171875, "ML loss": 9381.576171875, "MC loss": 0, "Test Error": 561.0692138671875, "TEST MIN": 561.0692138671875, "_timestamp": 1676359620.4735334, "_runtime": 320.0023922920227, "_step": 19, "_wandb": {"runtime": 319}}