{"Total loss": 2030323.0, "ML loss": 2030323.0, "MC loss": 0, "Test Error": 5923.72265625, "TEST MIN": 5923.72265625, "_timestamp": 1675581331.0705097, "_runtime": 308.8012137413025, "_step": 99, "_wandb": {"runtime": 308}}