{"Total loss": 18955.837890625, "ML loss": 18955.837890625, "MC loss": 0, "Test Error": 7916.14111328125, "TEST MIN": 386.49127197265625, "_timestamp": 1676358059.9423196, "_runtime": 329.52136969566345, "_step": 19, "_wandb": {"runtime": 328}}