{"Total loss": 563.0975341796875, "ML loss": 563.0975341796875, "MC loss": 0, "Test Error": 15787.9326171875, "TEST MIN": 9851.5537109375, "_timestamp": 1676273528.3524594, "_runtime": 542.5832505226135, "_step": 9, "_wandb": {"runtime": 542}}