{"Total loss": 8.314176375279203e-05, "ML loss": 8.314176375279203e-05, "MC loss": 0.0, "Test Error": 0.44725316762924194, "TEST MIN": 0.005940321367233992, "Learning Rate": 9.999999747378752e-06, "_timestamp": 1676808058.1122773, "_runtime": 97611.97151637077, "_step": 1494}