{"Total loss": 0.0, "ML loss": 0.0, "MC loss": 0, "Test Error": null, "TEST MIN": 100, "_timestamp": 1675577446.323568, "_runtime": 65.43016719818115, "_step": 99, "_wandb": {"runtime": 65}}