{"Total loss": 40032.71875, "ML loss": 40032.71875, "MC loss": 0, "Test Error": 0.922493040561676, "TEST MIN": 0.922493040561676, "_timestamp": 1676501976.5117106, "_runtime": 669.6854965686798, "_step": 4, "_wandb": {"runtime": 669}}