{"Total loss": 996872.8125, "ML loss": 996872.8125, "MC loss": 0, "Test Error": 9283.6982421875, "TEST MIN": 100, "_timestamp": 1675580463.2215624, "_runtime": 244.6966962814331, "_step": 99, "_wandb": {"runtime": 244}}