{"Total Loss": 0.012201373465359211, "Test Error": 0.19940607249736786, "TEST MIN": 0.19336938858032227, "U Err": 0.12802577018737793, "V Err": 0.07128412276506424, "D Err": 6.817000394221395e-05, "P Err": 2.8010737878503278e-05, "_timestamp": 1676809875.890449, "_runtime": 2023.7580230236053, "_step": 166}