{"Total Loss": 0.0041677746921777725, "Test Error": 0.6142614483833313, "TEST MIN": 0.150428906083107, "U Err": 0.14846721291542053, "V Err": 0.46577945351600647, "D Err": 1.2196183888590895e-05, "P Err": 2.5390588689333526e-06, "_timestamp": 1676820835.3157988, "_runtime": 12983.183372735977, "_step": 1196}