{"Total Loss": 0.005393309518694878, "Test Error": 0.26197439432144165, "TEST MIN": 0.164324089884758, "U Err": 0.16932736337184906, "V Err": 0.09262663871049881, "D Err": 1.6293339285766706e-05, "P Err": 4.086275112058502e-06, "_timestamp": 1676816474.1229293, "_runtime": 8621.990503311157, "_step": 786}