{"Total loss": 4.437111783772707e-05, "ML loss": 4.437111783772707e-05, "MC loss": 0.0, "Test Error": 0.28168362379074097, "TEST MIN": 0.0010243916185572743, "Learning Rate": 9.999999747378752e-06, "_timestamp": 1676808084.7261686, "_runtime": 97638.53612971306, "_step": 1497}