{"Total loss": 1210063.375, "ML loss": 1210063.375, "MC loss": 0, "Test Error": 21515.626953125, "TEST MIN": 2832.42578125, "_timestamp": 1675585923.3489459, "_runtime": 580.8642678260803, "_step": 99, "_wandb": {"runtime": 580}}