{"Total loss": 7496.185546875, "ML loss": 7496.185546875, "MC loss": 0, "Test Error": 17.346065521240234, "TEST MIN": 17.346065521240234, "_timestamp": 1676254239.2469296, "_runtime": 215.28154373168945, "_step": 9, "_wandb": {"runtime": 214}}