{"Total loss": 0.006683937273919582, "ML loss": 0.006683937273919582, "MC loss": 0, "Test Error": 0.0017522728303447366, "TEST MIN": 0.0017522728303447366, "_timestamp": 1675589156.660747, "_runtime": 722.2695400714874, "_step": 64}