{"Total Loss": 0.038397256284952164, "Test Error": 32.08704376220703, "TEST MIN": 4.764348983764648, "U Err": 28.959299087524414, "V Err": 3.086540699005127, "D Err": 0.012384804897010326, "P Err": 0.02881811186671257, "_timestamp": 1676816364.2054024, "_runtime": 193.43023443222046, "_step": 4, "_wandb": {"runtime": 192}}