{"Total loss": 0.0028109317645430565, "ML loss": 0.0028109317645430565, "MC loss": 0, "Test Error": 0.004085397347807884, "TEST MIN": 0.002951796166598797, "_timestamp": 1675656200.2820175, "_runtime": 17507.259709358215, "_step": 1999, "_wandb": {"runtime": 17506}}