{"Total loss": 1494432.0, "ML loss": 1494432.0, "MC loss": 0, "Test Error": 3565.326416015625, "TEST MIN": 3500.56884765625, "_timestamp": 1675581774.285386, "_runtime": 367.86584997177124, "_step": 99, "_wandb": {"runtime": 367}}