{"Total loss": 0.010607868432998657, "ML loss": 0.010607868432998657, "MC loss": 0, "Test Error": 0.00016881522606126964, "TEST MIN": 0.0001666139141889289, "_timestamp": 1676635202.9861958, "_runtime": 44650.31123590469, "_step": 4074}