{"Total loss": 0.01790875755250454, "ML loss": 0.01790875755250454, "MC loss": 0, "Test Error": 0.001283496618270874, "TEST MIN": 0.0011191412340849638, "_timestamp": 1676579874.4084039, "_runtime": 54856.96562576294, "_step": 4999, "_wandb": {"runtime": 54856}}