{"Total loss": 0.0, "ML loss": 0.0, "MC loss": 0, "Test Error": null, "TEST MIN": 100, "_timestamp": 1675577162.279199, "_runtime": 233.76062893867493, "_step": 499, "_wandb": {"runtime": 233}}