{"Total loss": 0.0010352840181440115, "ML loss": 0.0010352840181440115, "MC loss": 0.0, "Test Error": 0.0479479618370533, "TEST MIN": 0.0479479618370533, "Learning Rate": 9.999999747378752e-05, "_timestamp": 1676667230.824358, "_runtime": 1867.6277558803558, "_step": 25}