{"Total Loss": 0.03413061797618866, "Test Error": 9.972137451171875, "TEST MIN": 5.737229347229004, "U Err": 7.825146198272705, "V Err": 2.1281840801239014, "D Err": 0.009591052308678627, "P Err": 0.009215923957526684, "_timestamp": 1676814727.5333416, "_runtime": 187.926278591156, "_step": 4, "_wandb": {"runtime": 187}}