{"Learning Rate": 1.0045082490250934e-05, "_timestamp": 1676586303.0585773, "_runtime": 486.0049443244934, "_step": 5, "Total loss": 0.012483062222599983, "ML loss": 0.012483062222599983, "MC loss": 0.0, "Test Error": 1.9135493040084839, "TEST MIN": 1.5166044235229492, "_wandb": {"runtime": 485}}