{"Total loss": 0.0052119591273367405, "ML loss": 0.0052119591273367405, "MC loss": 0, "Test Error": 0.017569398507475853, "TEST MIN": 0.0062165530398488045, "_timestamp": 1676148360.9995966, "_runtime": 43063.928716659546, "_step": 4999, "_wandb": {"runtime": 43063}}