{"Total loss": 0.011137482710182667, "ML loss": 0.011137482710182667, "MC loss": 0, "Test Error": 0.003937155473977327, "TEST MIN": 0.003561563789844513, "_timestamp": 1675655893.9507122, "_runtime": 17201.74208021164, "_step": 1999, "_wandb": {"runtime": 17201}}