{"Total loss": 0.0017707189545035362, "ML loss": 0.0017707189545035362, "MC loss": 0, "Test Error": 0.00021365824795793742, "TEST MIN": 0.00015555917343590409, "_timestamp": 1676635204.7333345, "_runtime": 44652.04018950462, "_step": 4020}