{"Total loss": 5.1565555622801185e-05, "ML loss": 5.1565555622801185e-05, "MC loss": 0.0, "Test Error": 0.09258823841810226, "TEST MIN": 0.0017134223598986864, "Learning Rate": 5.5554490245413035e-05, "_timestamp": 1676810365.1146154, "_runtime": 54692.679213523865, "_step": 854}