{"Total loss": 5.0790960813174024e-05, "ML loss": 5.0790960813174024e-05, "MC loss": 0.0, "Test Error": 0.12725360691547394, "TEST MIN": 0.0017134223598986864, "Learning Rate": 6.0416590713430196e-05, "_timestamp": 1676809858.2513804, "_runtime": 54185.81597852707, "_step": 846}