{"Total loss": 0.7261509895324707, "ML loss": 0.7261509895324707, "MC loss": 0, "Test Error": 2.582834005355835, "TEST MIN": 0.47674256563186646, "_timestamp": 1676007208.459033, "_runtime": 202.23970794677734, "_step": 4, "_wandb": {"runtime": 201}}