{"Total Loss": 0.4107322692871094, "Test Error": null, "TEST MIN": 10000000000.0, "U Err": 0.006588992662727833, "V Err": null, "D Err": null, "P Err": null, "_timestamp": 1676804745.33197, "_runtime": 162.35251307487488, "_step": 4, "_wandb": {"runtime": 161}}