{"Total loss": 10.484172821044922, "ML loss": 10.484172821044922, "MC loss": 0, "Test Error": 0.9182136058807373, "TEST MIN": 0.34712085127830505, "_timestamp": 1676310558.590533, "_runtime": 6590.913490056992, "_step": 596}