{"Total loss": 0.0019242875277996063, "ML loss": 0.0019242875277996063, "MC loss": 0, "Test Error": 0.0063398308120667934, "TEST MIN": 0.0042012459598481655, "_timestamp": 1676098596.6585813, "_runtime": 43132.342239141464, "_step": 4999, "_wandb": {"runtime": 43131}}