{"Total Loss": 0.004043864086270332, "Test Error": 0.23473888635635376, "TEST MIN": 0.1628601998090744, "U Err": 0.15332874655723572, "V Err": 0.08139051496982574, "D Err": 1.198887730424758e-05, "P Err": 7.624378213222371e-06, "_timestamp": 1676820833.3376637, "_runtime": 12985.945239543915, "_step": 1176}