{"Total Loss": 0.013930612243711948, "Test Error": 1.6767688388147937e+18, "TEST MIN": 0.20421968400478363, "U Err": 7.715808416827965e+17, "V Err": 8.964508654208287e+17, "D Err": 5912150795091968.0, "P Err": 2824959709675520.0, "_timestamp": 1676809876.8070867, "_runtime": 2029.4146625995636, "_step": 167}