{"Total Loss": 0.005014436785131693, "Test Error": 0.34152233600616455, "TEST MIN": 0.17446184158325195, "U Err": 0.1722058653831482, "V Err": 0.16930194199085236, "D Err": 1.2352958037809003e-05, "P Err": 2.1962516711937496e-06, "_timestamp": 1676816479.2594721, "_runtime": 8631.867048025131, "_step": 775}