{"Total loss": 0.03056482970714569, "ML loss": 0.03056482970714569, "MC loss": 0, "Test Error": 0.005201147869229317, "TEST MIN": 0.004092706833034754, "_timestamp": 1676096205.013642, "_runtime": 40740.69737505913, "_step": 1999, "_wandb": {"runtime": 40740}}