{"Total Loss": 0.017654256895184517, "Test Error": 4419758912962560.0, "TEST MIN": 10000.0, "U Err": 2868379413118976.0, "V Err": 1472275597492224.0, "D Err": 21064474165248.0, "P Err": 58039407214592.0, "_timestamp": 1676810137.337378, "_runtime": 273.4054811000824, "_step": 2, "_wandb": {"runtime": 272}}