{"Total loss": 1528705.375, "ML loss": 1528705.375, "MC loss": 0, "Test Error": 5841.24169921875, "TEST MIN": 100, "_timestamp": 1675579669.5457482, "_runtime": 195.68263220787048, "_step": 99, "_wandb": {"runtime": 195}}