{"Total Loss": 0.04143845662474632, "Test Error": 31.107254028320312, "TEST MIN": 4.830560684204102, "U Err": 24.986743927001953, "V Err": 6.067838668823242, "D Err": 0.022584155201911926, "P Err": 0.030085667967796326, "_timestamp": 1676816649.4473906, "_runtime": 203.1516306400299, "_step": 4, "_wandb": {"runtime": 201}}