{"Total loss": 24990.8828125, "ML loss": 24990.8828125, "MC loss": 0, "Test Error": 249.86143493652344, "TEST MIN": 249.86143493652344, "_timestamp": 1676477081.5504608, "_runtime": 176.6653757095337, "_step": 4, "_wandb": {"runtime": 176}}