{"Total loss": 0.014713605865836143, "ML loss": 0.014713605865836143, "MC loss": 0, "Test Error": 0.0007548574940301478, "TEST MIN": 0.0007282085134647787, "_timestamp": 1676579568.3092816, "_runtime": 54550.85098361969, "_step": 4999, "_wandb": {"runtime": 54550}}