{"Total loss": 6813.5205078125, "ML loss": 6813.5205078125, "MC loss": 0, "Test Error": 954.2308349609375, "TEST MIN": 424.65667724609375, "_timestamp": 1676265598.547453, "_runtime": 231.8288059234619, "_step": 9, "_wandb": {"runtime": 231}}