{"Total Loss": 0.4107322692871094, "Test Error": 11.342753410339355, "TEST MIN": 11.342753410339355, "U Err": 5.258796215057373, "V Err": 6.072994232177734, "D Err": 0.004373449832201004, "P Err": 0.006588941439986229, "_timestamp": 1676805209.0610938, "_runtime": 156.51381587982178, "_step": 4, "_wandb": {"runtime": 156}}