{"Total loss": 1007.1585693359375, "ML loss": 1007.1585693359375, "MC loss": 0, "Test Error": 1.413975715637207, "TEST MIN": 1.413975715637207, "_timestamp": 1676327490.5762591, "_runtime": 3367.9786150455475, "_step": 31}