{"Total loss": 1206847.375, "ML loss": 1206847.375, "MC loss": 0, "Test Error": 9801.1494140625, "TEST MIN": 6371.69970703125, "_timestamp": 1675582452.8740776, "_runtime": 407.5164284706116, "_step": 99, "_wandb": {"runtime": 406}}