{"Total loss": 4.554060069494881e-05, "ML loss": 4.554060069494881e-05, "MC loss": 0.0, "Test Error": 0.24109160900115967, "TEST MIN": 0.08461607247591019, "Learning Rate": 9.999999747378752e-06, "_timestamp": 1676808092.3198647, "_runtime": 97646.13963484764, "_step": 1494}