{"Total Loss": 0.026068059727549553, "Test Error": 0.8822011351585388, "TEST MIN": 0.8822011351585388, "U Err": 0.5599108338356018, "V Err": 0.31802237033843994, "D Err": 0.00209012976847589, "P Err": 0.0021777614019811153, "_timestamp": 1676815952.777895, "_runtime": 206.5854949951172, "_step": 9, "_wandb": {"runtime": 206}}