{"Total Loss": 0.044361647218465805, "Test Error": 15.37630558013916, "TEST MIN": 7.138575077056885, "U Err": 13.00354290008545, "V Err": 2.3461766242980957, "D Err": 0.013695848174393177, "P Err": 0.012889587320387363, "_timestamp": 1676814421.8097768, "_runtime": 182.04766273498535, "_step": 4, "_wandb": {"runtime": 181}}