{"Total loss": 2260.292236328125, "ML loss": 2260.292236328125, "MC loss": 0, "Test Error": 1190.812255859375, "TEST MIN": 247.78561401367188, "_timestamp": 1676360256.4886963, "_runtime": 318.43163442611694, "_step": 19, "_wandb": {"runtime": 318}}