{"Total loss": 0.0005976318498142064, "ML loss": 0.0005976318498142064, "MC loss": 0.0, "Test Error": 0.004634703975170851, "TEST MIN": 0.003981415182352066, "Learning Rate": 5.918052193010226e-05, "_timestamp": 1676810356.1364045, "_runtime": 54685.617807626724, "_step": 848}