{"Total loss": 0.0006003852467983961, "ML loss": 0.0006003852467983961, "MC loss": 0.0, "Test Error": 0.004530973732471466, "TEST MIN": 0.003981415182352066, "Learning Rate": 6.420591671485454e-05, "_timestamp": 1676809847.1378207, "_runtime": 54176.619223833084, "_step": 840}