{"Total loss": 0.0, "ML loss": 0.0, "MC loss": 0, "Test Error": null, "TEST MIN": 10000.0, "_timestamp": 1676271694.2260067, "_runtime": 37.91714882850647, "_step": 9, "_wandb": {"runtime": 37}}