{"Total loss": 0.00402669794857502, "ML loss": 0.00402669794857502, "MC loss": 0, "Test Error": 0.00819870363920927, "TEST MIN": 0.005523763131350279, "_timestamp": 1676148956.871415, "_runtime": 43659.83033680916, "_step": 4999, "_wandb": {"runtime": 43659}}