{"Total Loss": 0.03644216060638428, "Test Error": 12.644448280334473, "TEST MIN": 6.057694435119629, "U Err": 9.528035163879395, "V Err": 3.0846667289733887, "D Err": 0.01836172118782997, "P Err": 0.013384717516601086, "_timestamp": 1676815010.9662385, "_runtime": 199.34100246429443, "_step": 4, "_wandb": {"runtime": 198}}