{"Total loss": 34612.46875, "ML loss": 34612.46875, "MC loss": 0, "Test Error": 332.474853515625, "TEST MIN": 332.474853515625, "_timestamp": 1676311188.3945298, "_runtime": 236.6172707080841, "_step": 11}