{"Total loss": 725.3976440429688, "ML loss": 725.3976440429688, "MC loss": 0, "Test Error": 24.082338333129883, "TEST MIN": 20.31120491027832, "_timestamp": 1676471111.8687296, "_runtime": 229.8819785118103, "_step": 9, "_wandb": {"runtime": 229}}