{"Total loss": 0.0011126023018732667, "ML loss": 0.0011126023018732667, "MC loss": 0, "Test Error": 8.269790123449638e-05, "TEST MIN": 8.269790123449638e-05, "_timestamp": 1675504529.9935114, "_runtime": 726.8316314220428, "_step": 49, "_wandb": {"runtime": 726}}