{"Learning Rate": {"_type": "histogram", "values": [131, 56, 44, 47, 44, 40, 39, 38, 36, 35, 35, 34, 34, 33, 33, 34, 33, 33, 33, 34, 34, 35, 35, 37, 37, 39, 40, 44, 47, 53, 66, 142], "bins": [1.000179963739356e-05, 4.093924508197233e-05, 7.18766896170564e-05, 0.00010281413415214047, 0.00013375158596318215, 0.00016468903049826622, 0.0001956264750333503, 0.00022656391956843436, 0.0002575013495516032, 0.0002884388086386025, 0.00031937623862177134, 0.00035031369770877063, 0.00038125115679576993, 0.00041218858677893877, 0.00044312604586593807, 0.0004740634758491069, 0.0005050009349361062, 0.000535938364919275, 0.0005668757949024439, 0.0005978132830932736, 0.0006287507130764425, 0.0006596881430596113, 0.0006906255730427802, 0.0007215630612336099, 0.0007525004912167788, 0.0007834379211999476, 0.0008143753511831164, 0.0008453128393739462, 0.000876250269357115, 0.0009071876993402839, 0.0009381251293234527, 0.0009690626175142825, 0.0010000000474974513]}, "_timestamp": 1676585722.3059661, "_runtime": 483.341304063797, "_step": 5, "Total loss": 0.01711670495569706, "ML loss": 0.01711670495569706, "MC loss": 0.0, "Test Error": 0.7857167720794678, "TEST MIN": 0.7857167720794678, "_wandb": {"runtime": 482}}