{"Total loss": 0.0, "ML loss": 0.0, "MC loss": 0, "Test Error": null, "TEST MIN": 100, "_timestamp": 1675577862.3368263, "_runtime": 109.71005821228027, "_step": 99, "_wandb": {"runtime": 109}}