{"Total loss": 0.0016860433388501406, "ML loss": 0.0016860433388501406, "MC loss": 0, "Test Error": 0.00023772842541802675, "TEST MIN": 0.0001504705724073574, "_timestamp": 1676635202.4876893, "_runtime": 44651.17597937584, "_step": 4132}