{"Total loss": 0.04166746512055397, "ML loss": 0.04166746512055397, "MC loss": 0.0, "Test Error": 2.981849193572998, "TEST MIN": 2.981849193572998, "Learning Rate": 1.002535100269597e-05, "_timestamp": 1676590161.14303, "_runtime": 492.5929808616638, "_step": 4, "_wandb": {"runtime": 492}}