{"Total Loss": 0.010728629305958748, "Test Error": 0.8230070471763611, "TEST MIN": 0.7735791802406311, "U Err": 0.6227725148200989, "V Err": 0.1961708962917328, "D Err": 9.69438478932716e-05, "P Err": 0.003966739866882563, "_timestamp": 1676813835.625968, "_runtime": 804.7332170009613, "_step": 9, "_wandb": {"runtime": 803}}