{"Total loss": 169.9871826171875, "ML loss": 169.9871826171875, "MC loss": 0, "Test Error": 8.741266250610352, "TEST MIN": 8.741266250610352, "_timestamp": 1676522684.8392043, "_runtime": 503.7596082687378, "_step": 4, "_wandb": {"runtime": 503}}