{"Total loss": 10544.810546875, "ML loss": 10544.810546875, "MC loss": 0, "Test Error": 3222.08154296875, "TEST MIN": 3222.08154296875, "_timestamp": 1676500640.0326467, "_runtime": 201.3125696182251, "_step": 4, "_wandb": {"runtime": 200}}