{"Total loss": 66.31057739257812, "ML loss": 66.31057739257812, "MC loss": 0, "Test Error": 818.829833984375, "TEST MIN": 503.7510681152344, "_timestamp": 1676274286.8023276, "_runtime": 555.2494585514069, "_step": 9, "_wandb": {"runtime": 554}}