{"Total loss": 0.02188180200755596, "ML loss": 0.02188180200755596, "MC loss": 0, "Test Error": 0.0010059908963739872, "TEST MIN": 0.0009929615771397948, "_timestamp": 1675623338.2119114, "_runtime": 34092.83505654335, "_step": 3999, "_wandb": {"runtime": 34092}}