{"Total loss": 759.6859741210938, "ML loss": 759.6859741210938, "MC loss": 0, "Test Error": 10.923172950744629, "TEST MIN": 10.923172950744629, "_timestamp": 1676475893.744137, "_runtime": 832.5462501049042, "_step": 9, "_wandb": {"runtime": 832}}