{"Total loss": 45.00286865234375, "ML loss": 45.00286865234375, "MC loss": 0, "Test Error": 3.331707000732422, "TEST MIN": 0.5661796927452087, "_timestamp": 1676310556.0050035, "_runtime": 6588.905950546265, "_step": 609}