{"Total Loss": 0.33280885219573975, "Test Error": 2.1698338985443115, "TEST MIN": 2.1698338985443115, "U Err": 0.9829962253570557, "V Err": 1.179219365119934, "D Err": 0.0030900004785507917, "P Err": 0.00452826963737607, "_timestamp": 1676805755.244223, "_runtime": 147.79139804840088, "_step": 4, "_wandb": {"runtime": 147}}