{"Total loss": 0.027867063879966736, "ML loss": 0.027867063879966736, "MC loss": 0, "Test Error": 8511015424.0, "TEST MIN": 0.03539988026022911, "_timestamp": 1676055217.6261494, "_runtime": 1634.6742243766785, "_step": 173}