{"Total Loss": 0.35144492983818054, "Test Error": null, "TEST MIN": 10000000000.0, "U Err": 0.004934018477797508, "V Err": null, "D Err": null, "P Err": null, "_timestamp": 1676804505.2684128, "_runtime": 157.223317861557, "_step": 4, "_wandb": {"runtime": 156}}