{"Total loss": 33.407012939453125, "ML loss": 33.407012939453125, "MC loss": 0, "Test Error": 0.2136305272579193, "TEST MIN": 0.2136305272579193, "_timestamp": 1675507903.0594378, "_runtime": 1799.989129781723, "_step": 49, "_wandb": {"runtime": 1799}}