{"Total Loss": 0.011285388842225075, "Test Error": 5.718742847442627, "TEST MIN": 0.8249680995941162, "U Err": 5.559001922607422, "V Err": 0.15163742005825043, "D Err": 0.0036027594469487667, "P Err": 0.004500390496104956, "_timestamp": 1676811413.7601573, "_runtime": 785.7068264484406, "_step": 9, "_wandb": {"runtime": 785}}