{"Total loss": 0.014165777713060379, "ML loss": 0.014165777713060379, "MC loss": 0, "Test Error": 0.0005156728439033031, "TEST MIN": 0.0005156728439033031, "_timestamp": 1676579066.5552049, "_runtime": 54049.91229391098, "_step": 4999, "_wandb": {"runtime": 54049}}