{"Total loss": 2217.23046875, "ML loss": 2217.23046875, "MC loss": 0, "Test Error": 177.39503479003906, "TEST MIN": 56.706695556640625, "_timestamp": 1676499302.8696742, "_runtime": 167.633376121521, "_step": 9, "_wandb": {"runtime": 167}}