{"Total Loss": 0.05126180499792099, "Test Error": 0.887589693069458, "TEST MIN": 0.19534116983413696, "U Err": 0.5546663403511047, "V Err": 0.3317844867706299, "D Err": 0.0005601304583251476, "P Err": 0.0005787315894849598, "_timestamp": 1676809872.1987906, "_runtime": 2022.4913666248322, "_step": 166}