{"Total Loss": 0.013635593466460705, "Test Error": 0.43196600675582886, "TEST MIN": 0.1542535424232483, "U Err": 0.2577199637889862, "V Err": 0.17420856654644012, "D Err": 2.756318644969724e-05, "P Err": 9.931008207786363e-06, "_timestamp": 1676820827.9210868, "_runtime": 12978.213662862778, "_step": 1183}