{"Total Loss": 0.018248656764626503, "Test Error": 0.21564099192619324, "TEST MIN": 0.1542535424232483, "U Err": 0.1489170789718628, "V Err": 0.06668884307146072, "D Err": 1.676109604886733e-05, "P Err": 1.831630288506858e-05, "_timestamp": 1676816476.7970293, "_runtime": 8627.08960533142, "_step": 779}