{"Total loss": 0.00022827631619293243, "ML loss": 0.00022827631619293243, "MC loss": 0.0, "Test Error": 77703.15625, "TEST MIN": 0.006393266376107931, "Learning Rate": 9.999999747378752e-05, "_timestamp": 1676710341.1220224, "_runtime": 5030.324353456497, "_step": 68, "_wandb": {"runtime": 5052}}