{"Total loss": 0.03502796217799187, "ML loss": 0.03502796217799187, "MC loss": 0, "Test Error": 0.006630793213844299, "TEST MIN": 0.00574578857049346, "_timestamp": 1676146008.6941144, "_runtime": 40709.52403140068, "_step": 1999, "_wandb": {"runtime": 40709}}