{"Total loss": 54187.1015625, "ML loss": 54187.1015625, "MC loss": 0, "Test Error": 336.685546875, "TEST MIN": 336.685546875, "_timestamp": 1676303751.136, "_runtime": 272.88227796554565, "_step": 15}