{"Total loss": 0.01711670495569706, "ML loss": 0.01711670495569706, "MC loss": 0.0, "Test Error": 0.7857167720794678, "TEST MIN": 0.7857167720794678, "Learning Rate": 1.0045082490250934e-05, "_timestamp": 1676587184.4614627, "_runtime": 484.3379428386688, "_step": 4, "_wandb": {"runtime": 483}}