{"Total loss": 6478.82861328125, "ML loss": 6478.82861328125, "MC loss": 0, "Test Error": 275.0594787597656, "TEST MIN": 231.20614624023438, "_timestamp": 1676277491.3794992, "_runtime": 223.63946628570557, "_step": 9, "_wandb": {"runtime": 223}}