{"Total loss": 0.0031827446073293686, "ML loss": 0.0031827446073293686, "MC loss": 0, "Test Error": 0.00641052657738328, "TEST MIN": 0.0035323738120496273, "_timestamp": 1676099252.6502106, "_runtime": 43788.33389759064, "_step": 4999, "_wandb": {"runtime": 43787}}