{"Total loss": 22.6562442779541, "ML loss": 22.6562442779541, "MC loss": 0, "Test Error": 0.5126842856407166, "TEST MIN": 0.44385838508605957, "_timestamp": 1676794356.1021101, "_runtime": 159.64770913124084, "_step": 4, "_wandb": {"runtime": 159}}