{"Total loss": 0.02198997139930725, "ML loss": 0.02198997139930725, "MC loss": 0, "Test Error": 0.001024695229716599, "TEST MIN": 0.0009763330454006791, "_timestamp": 1675624456.954652, "_runtime": 34041.87471318245, "_step": 3953}