{"Total loss": 329.7633972167969, "ML loss": 329.7633972167969, "MC loss": 0, "Test Error": 190.4588623046875, "TEST MIN": 187.27552795410156, "_timestamp": 1676472289.4211466, "_runtime": 487.34817457199097, "_step": 9, "_wandb": {"runtime": 486}}