{"Total loss": 0.039773039519786835, "ML loss": 0.039773039519786835, "MC loss": 0.0, "Test Error": 40.63237380981445, "TEST MIN": 40.63237380981445, "_timestamp": 1676582805.6422713, "_runtime": 479.1301383972168, "_step": 4, "_wandb": {"runtime": 478}}