{"Total loss": 0.0007445196970365942, "ML loss": 0.0007445196970365942, "MC loss": 0.0, "Test Error": 0.09538409113883972, "TEST MIN": 0.06860603392124176, "Learning Rate": 1.0025365554611199e-05, "_timestamp": 1676752322.2695854, "_runtime": 808.3927774429321, "_step": 9, "_wandb": {"runtime": 807}}