{"Total Loss": 0.03320604935288429, "Test Error": 7.564085006713867, "TEST MIN": 4.631688594818115, "U Err": 5.884005546569824, "V Err": 1.6646239757537842, "D Err": 0.007368853781372309, "P Err": 0.008086183108389378, "_timestamp": 1676815445.7144794, "_runtime": 185.7149715423584, "_step": 4, "_wandb": {"runtime": 185}}