{"Total loss": 1527945.875, "ML loss": 1527945.875, "MC loss": 0, "Test Error": 6194.125, "TEST MIN": 100, "_timestamp": 1675580177.32047, "_runtime": 197.38761401176453, "_step": 99, "_wandb": {"runtime": 196}}