{"Total loss": 1525857.25, "ML loss": 1525857.25, "MC loss": 0, "Test Error": 9561.9248046875, "TEST MIN": 100, "_timestamp": 1675579440.101604, "_runtime": 208.95964694023132, "_step": 99, "_wandb": {"runtime": 208}}