{"Total loss": 119.98823547363281, "ML loss": 119.98823547363281, "MC loss": 0, "Test Error": 1.8619078397750854, "TEST MIN": 1.8619078397750854, "_timestamp": 1675294783.818007, "_runtime": 97.01931095123291, "_step": 49, "_wandb": {"runtime": 96}}