{"Total loss": 0.0006954644341021776, "ML loss": 0.0006954644341021776, "MC loss": 0.0, "Test Error": 0.016133103519678116, "TEST MIN": 0.01220910158008337, "Learning Rate": 0.00035166164161637425, "_timestamp": 1676705041.0701466, "_runtime": 3593.9008095264435, "_step": 52, "_wandb": {"runtime": 3608}}