{"Total loss": 1183.7391357421875, "ML loss": 1183.7391357421875, "MC loss": 0, "Test Error": 8.103594779968262, "TEST MIN": 8.103594779968262, "_timestamp": 1676498243.36321, "_runtime": 822.3511459827423, "_step": 9, "_wandb": {"runtime": 821}}