{"Total loss": 10638.93359375, "ML loss": 10638.93359375, "MC loss": 0, "Test Error": 86.92716979980469, "TEST MIN": 86.92716979980469, "_timestamp": 1676276640.5771086, "_runtime": 248.0661735534668, "_step": 9, "_wandb": {"runtime": 247}}