{"Total loss": 0.02137093059718609, "ML loss": 0.02137093059718609, "MC loss": 0, "Test Error": 0.004176025278866291, "TEST MIN": 0.003226056694984436, "_timestamp": 1675638533.5937438, "_runtime": 8536.301807880402, "_step": 965}