{"Total loss": 0.0, "ML loss": 0.0, "MC loss": 0, "Test Error": null, "TEST MIN": 10000.0, "_timestamp": 1676272099.7286882, "_runtime": 37.6959342956543, "_step": 9, "_wandb": {"runtime": 37}}