{"Total loss": 0.0, "ML loss": 0.0, "MC loss": 0, "Test Error": null, "TEST MIN": 100, "_timestamp": 1675578569.378831, "_runtime": 107.88144493103027, "_step": 99, "_wandb": {"runtime": 107}}